Name,Number,Month,Location
"10, Celanese",10,1,Fullerton
104 - Foss MFG,104,1,Fullerton
"116, Layn USA",116,1,Downey
"119, Camsal Enterprises",119,1,Fullerton
"12, Omnova Solutions Inc. (C)",12,1,Fullerton
"120, Designer Pet Products",120,1,Fullerton
"123, PetRageous Designs",123,1,Fullerton
"13, Omnova Solutions Inc. (A)",13,1,Fullerton
136 Glory Wisdom,136,1,Fullerton
"137, NVMK Sales",137,1,Fullerton
"139, Nutraland USA",139,1,Downey
"14, Omnova Solutions Inc. (J)",14,1,Fullerton
"143, Barentz",143,1,Downey
"170, Pacific Crest Trading Group",170,1,Fullerton
179 - Chemtec,179,1,Fullerton
181 - Complete Sourcing Solutions,181,1,Fullerton
184 - Worlee NaturProdukte,184,1,Downey
189 - St. Charles Trading,189,1,Downey
195 - Casa De Mesquite,195,1,Downey
197 - Karen Pearse,197,1,Cerritos
205 - Pacific Shaving,205,1,Fullerton
209 - NutraChem,209,1,Downey
223 Distrilogik US Ltd,223,1,Fullerton
233 Firsd Tea North America LLC,233,1,Fullerton
242 MASTER VENTURE INC.,242,1,Fullerton
244 Doyle Farris,244,1,Fullerton
249 Centrix,249,1,Fullerton
257 Art of Tea,257,1,Downey
269 Nassimi,269,1,Fullerton
273 LZ Selloff,273,1,Fullerton
292 Bioriginal,292,1,Fullerton
295 SiLeather,295,1,Fullerton
301 GRANADA TILE,301,1,Cerritos
302 Huisong,302,1,Fullerton
307 Merritt,307,1,Fullerton
313 Logo Brand DSG,313,1,Fullerton
314 Liquid Death,314,1,Fullerton
317 Pair,317,1,Fullerton
322 Teco Irrigation USA,322,1,Fullerton
323 Amazon Health Products,323,1,Fullerton
324 Barrington Nutritionals,324,1,Downey
325 TR Nutritionals,325,1,Downey
400 Joseph Joseph,400,1,Cerritos
402 Paragon Chinasia,402,1,Fullerton
403 Modern Gourmet Foods,403,1,Fullerton
404 CustomFab USA,404,1,Fullerton
406 Access Business Group LLC,406,1,Fullerton
409 WTW Inc,409,1,Fullerton
"41, Keyston Bros.",41,1,Fullerton
410 Prinova,410,1,Fullerton
411 Maveric Medical,411,1,Fullerton
412 Shugar Soapworks,412,1,Cerritos
413 UPPER CRUST,413,1,Fullerton
415 Textiles For You,415,1,Fullerton
416 Imerys,416,1,Fullerton
417 Ruroc,417,1,0
424 - Body Armor,424,1,Fullerton
425 Lucky Zone WM,425,1,Fullerton
426-Tractor Beverages,426,1,Fullerton
428 Ten Acre Gifts,428,1,Fullerton
"45, Sensus America",45,1,Downey
"53, Harten Corporation",53,1,Downey
"58, Leather Trends, Inc.",58,1,Fullerton
"60, Loyalty Chemical",60,1,Fullerton
66 Katzkin,66,1,Fullerton
"67, Quality Thread",67,1,Fullerton
"72, Crossroad Ingredients",72,1,Downey
"73, Spradling International Inc",73,1,Fullerton
"76, Divi's Laboratories, Ltd. USA Inc.",76,1,Fullerton
"86, Morbern",86,1,Fullerton
"87, Martin Bauer",87,1,Fullerton
"88, Clareo International",88,1,Downey
"91, BenchMaster Furniture",91,1,Fullerton
98 - CGPC America Corporation,98,1,Fullerton
"99, Azile LLC",99,1,Downey
Mayborn,261,1,Fullerton
Omya Specialty Materials Inc.,46,1,Downey
Unicargo,430,1,Fullerton
"10, Celanese",10,2,Fullerton
104 - Foss MFG,104,2,Fullerton
"116, Layn USA",116,2,Downey
"119, Camsal Enterprises",119,2,Fullerton
"12, Omnova Solutions Inc. (C)",12,2,Fullerton
"120, Designer Pet Products",120,2,Fullerton
"123, PetRageous Designs",123,2,Fullerton
"13, Omnova Solutions Inc. (A)",13,2,Fullerton
136 Glory Wisdom,136,2,Fullerton
"137, NVMK Sales",137,2,Cerritos
"139, Nutraland USA",139,2,Downey
"14, Omnova Solutions Inc. (J)",14,2,Fullerton
"143, Barentz",143,2,Downey
"170, Pacific Crest Trading Group",170,2,Fullerton
179 - Chemtec,179,2,Fullerton
181 - Complete Sourcing Solutions,181,2,Fullerton
184 - Worlee NaturProdukte,184,2,Downey
189 - St. Charles Trading,189,2,Downey
195 - Casa De Mesquite,195,2,Downey
197 - Karen Pearse,197,2,Cerritos
205 - Pacific Shaving,205,2,Fullerton
209 - NutraChem,209,2,Downey
223 Distrilogik US Ltd,223,2,Fullerton
233 Firsd Tea North America LLC,233,2,Fullerton
242 MASTER VENTURE INC.,242,2,Fullerton
244 Doyle Farris,244,2,TTD
249 Centrix,249,2,Fullerton
257 Art of Tea,257,2,Downey
269 Nassimi,269,2,Fullerton
273 LZ Selloff,273,2,Fullerton
292 Bioriginal,292,2,Fullerton
295 SiLeather,295,2,Fullerton
301 GRANADA TILE,301,2,Cerritos
302 Huisong,302,2,Fullerton
307 Merritt,307,2,Fullerton
313 Logo Brand DSG,313,2,Fullerton
314 Liquid Death,314,2,Fullerton
317 Pair,317,2,Fullerton
322 Teco Irrigation USA,322,2,Fullerton
323 Amazon Health Products,323,2,Fullerton
324 Barrington Nutritionals,324,2,Downey
325 TR Nutritionals,325,2,Downey
400 Joseph Joseph,400,2,Cerritos
402 Paragon Chinasia,402,2,Fullerton
403 Modern Gourmet Foods,403,2,Fullerton
404 CustomFab USA,404,2,Fullerton
406 Access Business Group LLC,406,2,Fullerton
409 WTW Inc,409,2,Fullerton
"41, Keyston Bros.",41,2,Fullerton
410 Prinova,410,2,Fullerton
411 Maveric Medical,411,2,Fullerton
412 Shugar Soapworks,412,2,Cerritos
413 UPPER CRUST,413,2,Fullerton
415 Textiles For You,415,2,Fullerton
416 Imerys,416,2,Fullerton
417 Ruroc,417,2,0
424 - Body Armor,424,2,Fullerton
425 Lucky Zone WM,425,2,Fullerton
426-Tractor Beverages,426,2,Fullerton
428 Ten Acre Gifts,428,2,Fullerton
"45, Sensus America",45,2,Downey
"53, Harten Corporation",53,2,Downey
"58, Leather Trends, Inc.",58,2,Fullerton
"60, Loyalty Chemical",60,2,Fullerton
66 Katzkin,66,2,Fullerton
"67, Quality Thread",67,2,Fullerton
"72, Crossroad Ingredients",72,2,Downey
"73, Spradling International Inc",73,2,Fullerton
"76, Divi's Laboratories, Ltd. USA Inc.",76,2,Fullerton
"86, Morbern",86,2,Fullerton
"87, Martin Bauer",87,2,Fullerton
"88, Clareo International",88,2,Downey
"91, BenchMaster Furniture",91,2,Fullerton
98 - CGPC America Corporation,98,2,Fullerton
"99, Azile LLC",99,2,Downey
Mayborn,261,2,Fullerton
Omya Specialty Materials Inc.,46,2,Downey
Unicargo,430,2,Fullerton
"10, Celanese",10,3,Fullerton
104 - Foss MFG,104,3,Fullerton
"116, Layn USA",116,3,Downey
"119, Camsal Enterprises",119,3,Fullerton
"12, Omnova Solutions Inc. (C)",12,3,Fullerton
"120, Designer Pet Products",120,3,Fullerton
"123, PetRageous Designs",123,3,Fullerton
"13, Omnova Solutions Inc. (A)",13,3,Fullerton
136 Glory Wisdom,136,3,Fullerton
"137, NVMK Sales",137,3,Cerritos
"139, Nutraland USA",139,3,Downey
"14, Omnova Solutions Inc. (J)",14,3,Fullerton
"143, Barentz",143,3,Downey
"170, Pacific Crest Trading Group",170,3,Fullerton
179 - Chemtec,179,3,Fullerton
181 - Complete Sourcing Solutions,181,3,Fullerton
184 - Worlee NaturProdukte,184,3,Downey
189 - St. Charles Trading,189,3,Downey
195 - Casa De Mesquite,195,3,Downey
197 - Karen Pearse,197,3,Cerritos
205 - Pacific Shaving,205,3,Fullerton
209 - NutraChem,209,3,Downey
223 Distrilogik US Ltd,223,3,Fullerton
233 Firsd Tea North America LLC,233,3,Fullerton
242 MASTER VENTURE INC.,242,3,TTD
244 Doyle Farris,244,3,TTD
249 Centrix,249,3,Fullerton
257 Art of Tea,257,3,Downey
269 Nassimi,269,3,Fullerton
273 LZ Selloff,273,3,Fullerton
292 Bioriginal,292,3,Fullerton
295 SiLeather,295,3,Fullerton
301 GRANADA TILE,301,3,Cerritos
302 Huisong,302,3,Fullerton
307 Merritt,307,3,Fullerton
313 Logo Brand DSG,313,3,Fullerton
314 Liquid Death,314,3,Fullerton
317 Pair,317,3,Fullerton
322 Teco Irrigation USA,322,3,Fullerton
323 Amazon Health Products,323,3,Fullerton
324 Barrington Nutritionals,324,3,Downey
325 TR Nutritionals,325,3,Downey
400 Joseph Joseph,400,3,Cerritos
402 Paragon Chinasia,402,3,Fullerton
403 Modern Gourmet Foods,403,3,Fullerton
404 CustomFab USA,404,3,Fullerton
406 Access Business Group LLC,406,3,Fullerton
409 WTW Inc,409,3,Fullerton
"41, Keyston Bros.",41,3,Fullerton
410 Prinova,410,3,Fullerton
411 Maveric Medical,411,3,Fullerton
412 Shugar Soapworks,412,3,Cerritos
413 UPPER CRUST,413,3,Fullerton
415 Textiles For You,415,3,Fullerton
416 Imerys,416,3,Fullerton
417 Ruroc,417,3,0
424 - Body Armor,424,3,Fullerton
425 Lucky Zone WM,425,3,Fullerton
426-Tractor Beverages,426,3,Fullerton
428 Ten Acre Gifts,428,3,Fullerton
"45, Sensus America",45,3,Downey
"53, Harten Corporation",53,3,Downey
"58, Leather Trends, Inc.",58,3,Fullerton
"60, Loyalty Chemical",60,3,Fullerton
66 Katzkin,66,3,Fullerton
"67, Quality Thread",67,3,Fullerton
"72, Crossroad Ingredients",72,3,Downey
"73, Spradling International Inc",73,3,Fullerton
"76, Divi's Laboratories, Ltd. USA Inc.",76,3,Fullerton
"86, Morbern",86,3,Fullerton
"87, Martin Bauer",87,3,Fullerton
"88, Clareo International",88,3,Downey
"91, BenchMaster Furniture",91,3,Fullerton
98 - CGPC America Corporation,98,3,Fullerton
"99, Azile LLC",99,3,Downey
Mayborn,261,3,Fullerton
Omya Specialty Materials Inc.,46,3,Downey
Unicargo,430,3,Fullerton
"10, Celanese",10,4,Fullerton
104 - Foss MFG,104,4,Fullerton
"116, Layn USA",116,4,Downey
"119, Camsal Enterprises",119,4,Fullerton
"12, Omnova Solutions Inc. (C)",12,4,Fullerton
"120, Designer Pet Products",120,4,Fullerton
"123, PetRageous Designs",123,4,Fullerton
"13, Omnova Solutions Inc. (A)",13,4,Fullerton
136 Glory Wisdom,136,4,Fullerton
"137, NVMK Sales",137,4,Cerritos
"139, Nutraland USA",139,4,Downey
"14, Omnova Solutions Inc. (J)",14,4,Fullerton
"143, Barentz",143,4,Downey
"170, Pacific Crest Trading Group",170,4,Fullerton
179 - Chemtec,179,4,Fullerton
181 - Complete Sourcing Solutions,181,4,Fullerton
184 - Worlee NaturProdukte,184,4,Downey
189 - St. Charles Trading,189,4,Downey
195 - Casa De Mesquite,195,4,Downey
197 - Karen Pearse,197,4,Cerritos
205 - Pacific Shaving,205,4,Fullerton
209 - NutraChem,209,4,Downey
223 Distrilogik US Ltd,223,4,Fullerton
233 Firsd Tea North America LLC,233,4,Fullerton
242 MASTER VENTURE INC.,242,4,TTD
244 Doyle Farris,244,4,TTD
249 Centrix,249,4,Fullerton
257 Art of Tea,257,4,Downey
269 Nassimi,269,4,Fullerton
273 LZ Selloff,273,4,Fullerton
292 Bioriginal,292,4,Fullerton
295 SiLeather,295,4,Fullerton
301 GRANADA TILE,301,4,Cerritos
302 Huisong,302,4,Fullerton
307 Merritt,307,4,Fullerton
313 Logo Brand DSG,313,4,Fullerton
314 Liquid Death,314,4,Fullerton
317 Pair,317,4,Fullerton
322 Teco Irrigation USA,322,4,Fullerton
323 Amazon Health Products,323,4,Fullerton
324 Barrington Nutritionals,324,4,Downey
325 TR Nutritionals,325,4,Downey
400 Joseph Joseph,400,4,Cerritos
402 Paragon Chinasia,402,4,Fullerton
403 Modern Gourmet Foods,403,4,Fullerton
404 CustomFab USA,404,4,Fullerton
406 Access Business Group LLC,406,4,Fullerton
409 WTW Inc,409,4,Fullerton
"41, Keyston Bros.",41,4,Fullerton
410 Prinova,410,4,Fullerton
411 Maveric Medical,411,4,Fullerton
412 Shugar Soapworks,412,4,Cerritos
413 UPPER CRUST,413,4,Fullerton
415 Textiles For You,415,4,Fullerton
416 Imerys,416,4,Fullerton
417 Ruroc,417,4,0
424 - Body Armor,424,4,Fullerton
425 Lucky Zone WM,425,4,Fullerton
426-Tractor Beverages,426,4,Fullerton
428 Ten Acre Gifts,428,4,Fullerton
"45, Sensus America",45,4,Downey
"53, Harten Corporation",53,4,Downey
"58, Leather Trends, Inc.",58,4,Fullerton
"60, Loyalty Chemical",60,4,Fullerton
66 Katzkin,66,4,Fullerton
"67, Quality Thread",67,4,Fullerton
"72, Crossroad Ingredients",72,4,Downey
"73, Spradling International Inc",73,4,Fullerton
"76, Divi's Laboratories, Ltd. USA Inc.",76,4,Fullerton
"86, Morbern",86,4,Fullerton
"87, Martin Bauer",87,4,Fullerton
"88, Clareo International",88,4,Downey
"91, BenchMaster Furniture",91,4,Fullerton
98 - CGPC America Corporation,98,4,Fullerton
"99, Azile LLC",99,4,Downey
Mayborn,261,4,Fullerton
Omya Specialty Materials Inc.,46,4,Downey
Unicargo,430,4,Fullerton
"10, Celanese",10,5,Fullerton
104 - Foss MFG,104,5,Fullerton
"116, Layn USA",116,5,Downey
"119, Camsal Enterprises",119,5,Fullerton
"12, Omnova Solutions Inc. (C)",12,5,Fullerton
"120, Designer Pet Products",120,5,Fullerton
"123, PetRageous Designs",123,5,Fullerton
"13, Omnova Solutions Inc. (A)",13,5,Fullerton
136 Glory Wisdom,136,5,Fullerton
"137, NVMK Sales",137,5,Cerritos
"139, Nutraland USA",139,5,Downey
"14, Omnova Solutions Inc. (J)",14,5,Fullerton
"143, Barentz",143,5,Downey
"170, Pacific Crest Trading Group",170,5,Fullerton
179 - Chemtec,179,5,Fullerton
181 - Complete Sourcing Solutions,181,5,Fullerton
184 - Worlee NaturProdukte,184,5,Downey
189 - St. Charles Trading,189,5,Downey
195 - Casa De Mesquite,195,5,Downey
197 - Karen Pearse,197,5,Cerritos
205 - Pacific Shaving,205,5,Fullerton
209 - NutraChem,209,5,Downey
223 Distrilogik US Ltd,223,5,Fullerton
233 Firsd Tea North America LLC,233,5,Fullerton
242 MASTER VENTURE INC.,242,5,TTD
244 Doyle Farris,244,5,TTD
249 Centrix,249,5,Fullerton
257 Art of Tea,257,5,Downey
269 Nassimi,269,5,Fullerton
273 LZ Selloff,273,5,Fullerton
292 Bioriginal,292,5,Fullerton
295 SiLeather,295,5,Fullerton
301 GRANADA TILE,301,5,Cerritos
302 Huisong,302,5,Fullerton
307 Merritt,307,5,Fullerton
313 Logo Brand DSG,313,5,Fullerton
314 Liquid Death,314,5,Fullerton
317 Pair,317,5,Fullerton
322 Teco Irrigation USA,322,5,Fullerton
323 Amazon Health Products,323,5,Fullerton
324 Barrington Nutritionals,324,5,Downey
325 TR Nutritionals,325,5,Downey
400 Joseph Joseph,400,5,Cerritos
402 Paragon Chinasia,402,5,Fullerton
403 Modern Gourmet Foods,403,5,Fullerton
404 CustomFab USA,404,5,Fullerton
406 Access Business Group LLC,406,5,Fullerton
409 WTW Inc,409,5,Fullerton
"41, Keyston Bros.",41,5,Fullerton
410 Prinova,410,5,Fullerton
411 Maveric Medical,411,5,Fullerton
412 Shugar Soapworks,412,5,Cerritos
413 UPPER CRUST,413,5,Fullerton
415 Textiles For You,415,5,Fullerton
416 Imerys,416,5,Fullerton
417 Ruroc,417,5,0
424 - Body Armor,424,5,Fullerton
425 Lucky Zone WM,425,5,Fullerton
426-Tractor Beverages,426,5,Fullerton
428 Ten Acre Gifts,428,5,Fullerton
"45, Sensus America",45,5,Downey
"53, Harten Corporation",53,5,Downey
"58, Leather Trends, Inc.",58,5,Fullerton
"60, Loyalty Chemical",60,5,Fullerton
66 Katzkin,66,5,Fullerton
"67, Quality Thread",67,5,Fullerton
"72, Crossroad Ingredients",72,5,Downey
"73, Spradling International Inc",73,5,Fullerton
"76, Divi's Laboratories, Ltd. USA Inc.",76,5,Fullerton
"86, Morbern",86,5,Fullerton
"87, Martin Bauer",87,5,Fullerton
"88, Clareo International",88,5,Downey
"91, BenchMaster Furniture",91,5,Fullerton
98 - CGPC America Corporation,98,5,Fullerton
"99, Azile LLC",99,5,Downey
Mayborn,261,5,Fullerton
Omya Specialty Materials Inc.,46,5,Downey
Unicargo,430,5,Fullerton
"10, Celanese",10,6,Fullerton
104 - Foss MFG,104,6,Fullerton
"116, Layn USA",116,6,Downey
"119, Camsal Enterprises",119,6,Fullerton
"12, Omnova Solutions Inc. (C)",12,6,Fullerton
"120, Designer Pet Products",120,6,Fullerton
"123, PetRageous Designs",123,6,Fullerton
"13, Omnova Solutions Inc. (A)",13,6,Fullerton
136 Glory Wisdom,136,6,Fullerton
"137, NVMK Sales",137,6,Cerritos
"139, Nutraland USA",139,6,Downey
"14, Omnova Solutions Inc. (J)",14,6,Fullerton
"143, Barentz",143,6,Downey
"170, Pacific Crest Trading Group",170,6,Fullerton
179 - Chemtec,179,6,Fullerton
181 - Complete Sourcing Solutions,181,6,Fullerton
184 - Worlee NaturProdukte,184,6,Downey
189 - St. Charles Trading,189,6,Downey
195 - Casa De Mesquite,195,6,Downey
197 - Karen Pearse,197,6,Cerritos
205 - Pacific Shaving,205,6,Fullerton
209 - NutraChem,209,6,Downey
223 Distrilogik US Ltd,223,6,Fullerton
233 Firsd Tea North America LLC,233,6,Fullerton
242 MASTER VENTURE INC.,242,6,TTD
244 Doyle Farris,244,6,TTD
249 Centrix,249,6,Fullerton
257 Art of Tea,257,6,Downey
269 Nassimi,269,6,Fullerton
273 LZ Selloff,273,6,Fullerton
292 Bioriginal,292,6,Fullerton
295 SiLeather,295,6,Fullerton
301 GRANADA TILE,301,6,Cerritos
302 Huisong,302,6,Fullerton
307 Merritt,307,6,Fullerton
313 Logo Brand DSG,313,6,Fullerton
314 Liquid Death,314,6,Fullerton
317 Pair,317,6,Fullerton
322 Teco Irrigation USA,322,6,TTD
323 Amazon Health Products,323,6,Fullerton
324 Barrington Nutritionals,324,6,Downey
325 TR Nutritionals,325,6,Downey
400 Joseph Joseph,400,6,Cerritos
402 Paragon Chinasia,402,6,Fullerton
403 Modern Gourmet Foods,403,6,Fullerton
404 CustomFab USA,404,6,Fullerton
406 Access Business Group LLC,406,6,Fullerton
409 WTW Inc,409,6,Fullerton
"41, Keyston Bros.",41,6,Fullerton
410 Prinova,410,6,Fullerton
411 Maveric Medical,411,6,Fullerton
412 Shugar Soapworks,412,6,Cerritos
413 UPPER CRUST,413,6,Fullerton
415 Textiles For You,415,6,Fullerton
416 Imerys,416,6,Fullerton
417 Ruroc,417,6,Cerritos
424 - Body Armor,424,6,Fullerton
425 Lucky Zone WM,425,6,Fullerton
426-Tractor Beverages,426,6,Fullerton
428 Ten Acre Gifts,428,6,Fullerton
"45, Sensus America",45,6,Downey
"53, Harten Corporation",53,6,Downey
"58, Leather Trends, Inc.",58,6,Fullerton
"60, Loyalty Chemical",60,6,Fullerton
66 Katzkin,66,6,Fullerton
"67, Quality Thread",67,6,Fullerton
"72, Crossroad Ingredients",72,6,Downey
"73, Spradling International Inc",73,6,Fullerton
"76, Divi's Laboratories, Ltd. USA Inc.",76,6,Fullerton
"86, Morbern",86,6,Fullerton
"87, Martin Bauer",87,6,Fullerton
"88, Clareo International",88,6,Downey
"91, BenchMaster Furniture",91,6,Fullerton
98 - CGPC America Corporation,98,6,Fullerton
"99, Azile LLC",99,6,Downey
Mayborn,261,6,Fullerton
Omya Specialty Materials Inc.,46,6,Downey
Unicargo,430,6,Fullerton
"10, Celanese",10,7,Fullerton
104 - Foss MFG,104,7,Fullerton
"116, Layn USA",116,7,Downey
"119, Camsal Enterprises",119,7,Fullerton
"12, Omnova Solutions Inc. (C)",12,7,Fullerton
"120, Designer Pet Products",120,7,Fullerton
"123, PetRageous Designs",123,7,Fullerton
"13, Omnova Solutions Inc. (A)",13,7,Fullerton
136 Glory Wisdom,136,7,Fullerton
"137, NVMK Sales",137,7,Cerritos
"139, Nutraland USA",139,7,Downey
"14, Omnova Solutions Inc. (J)",14,7,Fullerton
"143, Barentz",143,7,Downey
"170, Pacific Crest Trading Group",170,7,Fullerton
179 - Chemtec,179,7,Fullerton
181 - Complete Sourcing Solutions,181,7,Fullerton
184 - Worlee NaturProdukte,184,7,Downey
189 - St. Charles Trading,189,7,Downey
195 - Casa De Mesquite,195,7,Downey
197 - Karen Pearse,197,7,Cerritos
205 - Pacific Shaving,205,7,Fullerton
209 - NutraChem,209,7,Downey
223 Distrilogik US Ltd,223,7,Fullerton
233 Firsd Tea North America LLC,233,7,Fullerton
242 MASTER VENTURE INC.,242,7,TTD
244 Doyle Farris,244,7,TTD
249 Centrix,249,7,Fullerton
257 Art of Tea,257,7,Downey
269 Nassimi,269,7,Fullerton
273 LZ Selloff,273,7,Fullerton
292 Bioriginal,292,7,Fullerton
295 SiLeather,295,7,Fullerton
301 GRANADA TILE,301,7,Cerritos
302 Huisong,302,7,Fullerton
307 Merritt,307,7,Fullerton
313 Logo Brand DSG,313,7,Fullerton
314 Liquid Death,314,7,Fullerton
317 Pair,317,7,Fullerton
322 Teco Irrigation USA,322,7,TTD
323 Amazon Health Products,323,7,Fullerton
324 Barrington Nutritionals,324,7,Downey
325 TR Nutritionals,325,7,Downey
400 Joseph Joseph,400,7,Cerritos
402 Paragon Chinasia,402,7,Fullerton
403 Modern Gourmet Foods,403,7,Fullerton
404 CustomFab USA,404,7,Fullerton
406 Access Business Group LLC,406,7,Fullerton
409 WTW Inc,409,7,Fullerton
"41, Keyston Bros.",41,7,Fullerton
410 Prinova,410,7,Fullerton
411 Maveric Medical,411,7,Fullerton
412 Shugar Soapworks,412,7,Cerritos
413 UPPER CRUST,413,7,Fullerton
415 Textiles For You,415,7,Fullerton
416 Imerys,416,7,Fullerton
417 Ruroc,417,7,Cerritos
424 - Body Armor,424,7,Fullerton
425 Lucky Zone WM,425,7,Fullerton
426-Tractor Beverages,426,7,Fullerton
428 Ten Acre Gifts,428,7,Fullerton
"45, Sensus America",45,7,Downey
"53, Harten Corporation",53,7,Downey
"58, Leather Trends, Inc.",58,7,Fullerton
"60, Loyalty Chemical",60,7,Fullerton
66 Katzkin,66,7,Fullerton
"67, Quality Thread",67,7,Fullerton
"72, Crossroad Ingredients",72,7,Downey
"73, Spradling International Inc",73,7,Fullerton
"76, Divi's Laboratories, Ltd. USA Inc.",76,7,Fullerton
"86, Morbern",86,7,Fullerton
"87, Martin Bauer",87,7,Fullerton
"88, Clareo International",88,7,Downey
"91, BenchMaster Furniture",91,7,Fullerton
98 - CGPC America Corporation,98,7,Fullerton
"99, Azile LLC",99,7,Downey
Mayborn,261,7,Fullerton
Omya Specialty Materials Inc.,46,7,Downey
Unicargo,430,7,Fullerton
"10, Celanese",10,8,Fullerton
104 - Foss MFG,104,8,Fullerton
"116, Layn USA",116,8,Downey
"119, Camsal Enterprises",119,8,Fullerton
"12, Omnova Solutions Inc. (C)",12,8,Fullerton
"120, Designer Pet Products",120,8,Fullerton
"123, PetRageous Designs",123,8,Fullerton
"13, Omnova Solutions Inc. (A)",13,8,Fullerton
136 Glory Wisdom,136,8,Fullerton
"137, NVMK Sales",137,8,Cerritos
"139, Nutraland USA",139,8,Downey
"14, Omnova Solutions Inc. (J)",14,8,Fullerton
"143, Barentz",143,8,Downey
"170, Pacific Crest Trading Group",170,8,Fullerton
179 - Chemtec,179,8,Fullerton
181 - Complete Sourcing Solutions,181,8,Fullerton
184 - Worlee NaturProdukte,184,8,Downey
189 - St. Charles Trading,189,8,Downey
195 - Casa De Mesquite,195,8,Downey
197 - Karen Pearse,197,8,Cerritos
205 - Pacific Shaving,205,8,Fullerton
209 - NutraChem,209,8,Downey
223 Distrilogik US Ltd,223,8,Fullerton
233 Firsd Tea North America LLC,233,8,Fullerton
242 MASTER VENTURE INC.,242,8,TTD
244 Doyle Farris,244,8,TTD
249 Centrix,249,8,Fullerton
257 Art of Tea,257,8,Downey
269 Nassimi,269,8,Fullerton
273 LZ Selloff,273,8,Fullerton
292 Bioriginal,292,8,Fullerton
295 SiLeather,295,8,Fullerton
301 GRANADA TILE,301,8,TTD
302 Huisong,302,8,Fullerton
307 Merritt,307,8,Fullerton
313 Logo Brand DSG,313,8,Fullerton
314 Liquid Death,314,8,Fullerton
317 Pair,317,8,Fullerton
322 Teco Irrigation USA,322,8,TTD
323 Amazon Health Products,323,8,Fullerton
324 Barrington Nutritionals,324,8,Downey
325 TR Nutritionals,325,8,Downey
400 Joseph Joseph,400,8,Cerritos
402 Paragon Chinasia,402,8,Fullerton
403 Modern Gourmet Foods,403,8,Fullerton
404 CustomFab USA,404,8,Fullerton
406 Access Business Group LLC,406,8,Fullerton
409 WTW Inc,409,8,Fullerton
"41, Keyston Bros.",41,8,Fullerton
410 Prinova,410,8,Fullerton
411 Maveric Medical,411,8,Fullerton
412 Shugar Soapworks,412,8,Cerritos
413 UPPER CRUST,413,8,Fullerton
415 Textiles For You,415,8,Fullerton
416 Imerys,416,8,Fullerton
417 Ruroc,417,8,Cerritos
424 - Body Armor,424,8,Fullerton
425 Lucky Zone WM,425,8,Fullerton
426-Tractor Beverages,426,8,Fullerton
428 Ten Acre Gifts,428,8,Fullerton
"45, Sensus America",45,8,Downey
"53, Harten Corporation",53,8,Downey
"58, Leather Trends, Inc.",58,8,Fullerton
"60, Loyalty Chemical",60,8,Fullerton
66 Katzkin,66,8,Fullerton
"67, Quality Thread",67,8,Fullerton
"72, Crossroad Ingredients",72,8,Downey
"73, Spradling International Inc",73,8,Fullerton
"76, Divi's Laboratories, Ltd. USA Inc.",76,8,Fullerton
"86, Morbern",86,8,Fullerton
"87, Martin Bauer",87,8,Fullerton
"88, Clareo International",88,8,Downey
"91, BenchMaster Furniture",91,8,Fullerton
98 - CGPC America Corporation,98,8,Fullerton
"99, Azile LLC",99,8,Downey
Mayborn,261,8,Fullerton
Omya Specialty Materials Inc.,46,8,Downey
Unicargo,430,8,Fullerton
"10, Celanese",10,9,Fullerton
104 - Foss MFG,104,9,Fullerton
"116, Layn USA",116,9,Downey
"119, Camsal Enterprises",119,9,Fullerton
"12, Omnova Solutions Inc. (C)",12,9,Fullerton
"120, Designer Pet Products",120,9,Fullerton
"123, PetRageous Designs",123,9,Fullerton
"13, Omnova Solutions Inc. (A)",13,9,Fullerton
136 Glory Wisdom,136,9,Fullerton
"137, NVMK Sales",137,9,Cerritos
"139, Nutraland USA",139,9,Downey
"14, Omnova Solutions Inc. (J)",14,9,Fullerton
"143, Barentz",143,9,Downey
"170, Pacific Crest Trading Group",170,9,Fullerton
179 - Chemtec,179,9,Fullerton
181 - Complete Sourcing Solutions,181,9,Fullerton
184 - Worlee NaturProdukte,184,9,Downey
189 - St. Charles Trading,189,9,Downey
195 - Casa De Mesquite,195,9,Downey
197 - Karen Pearse,197,9,Cerritos
205 - Pacific Shaving,205,9,Fullerton
209 - NutraChem,209,9,Downey
223 Distrilogik US Ltd,223,9,Fullerton
233 Firsd Tea North America LLC,233,9,Fullerton
242 MASTER VENTURE INC.,242,9,TTD
244 Doyle Farris,244,9,TTD
249 Centrix,249,9,Fullerton
257 Art of Tea,257,9,Downey
269 Nassimi,269,9,Fullerton
273 LZ Selloff,273,9,Fullerton
292 Bioriginal,292,9,Fullerton
295 SiLeather,295,9,Fullerton
301 GRANADA TILE,301,9,TTD
302 Huisong,302,9,Fullerton
307 Merritt,307,9,Fullerton
313 Logo Brand DSG,313,9,Fullerton
314 Liquid Death,314,9,Fullerton
317 Pair,317,9,Fullerton
322 Teco Irrigation USA,322,9,TTD
323 Amazon Health Products,323,9,Fullerton
324 Barrington Nutritionals,324,9,Downey
325 TR Nutritionals,325,9,Downey
400 Joseph Joseph,400,9,Cerritos
402 Paragon Chinasia,402,9,Fullerton
403 Modern Gourmet Foods,403,9,Fullerton
404 CustomFab USA,404,9,Fullerton
406 Access Business Group LLC,406,9,Fullerton
409 WTW Inc,409,9,Fullerton
"41, Keyston Bros.",41,9,Fullerton
410 Prinova,410,9,Fullerton
411 Maveric Medical,411,9,Fullerton
412 Shugar Soapworks,412,9,Cerritos
413 UPPER CRUST,413,9,Fullerton
415 Textiles For You,415,9,Fullerton
416 Imerys,416,9,Fullerton
417 Ruroc,417,9,Cerritos
424 - Body Armor,424,9,Fullerton
425 Lucky Zone WM,425,9,Fullerton
426-Tractor Beverages,426,9,Fullerton
428 Ten Acre Gifts,428,9,Fullerton
"45, Sensus America",45,9,Downey
"53, Harten Corporation",53,9,Downey
"58, Leather Trends, Inc.",58,9,Fullerton
"60, Loyalty Chemical",60,9,Fullerton
66 Katzkin,66,9,Fullerton
"67, Quality Thread",67,9,Fullerton
"72, Crossroad Ingredients",72,9,Downey
"73, Spradling International Inc",73,9,Fullerton
"76, Divi's Laboratories, Ltd. USA Inc.",76,9,Fullerton
"86, Morbern",86,9,Fullerton
"87, Martin Bauer",87,9,Fullerton
"88, Clareo International",88,9,Downey
"91, BenchMaster Furniture",91,9,Fullerton
98 - CGPC America Corporation,98,9,Fullerton
"99, Azile LLC",99,9,Downey
Mayborn,261,9,Fullerton
Omya Specialty Materials Inc.,46,9,Downey
Unicargo,430,9,Fullerton
